item|item_no_rev
MNOPQYS1286101/1R1D-TTT|MNOPQYS1286101/1
QRST-085594B.351|QRST-085594B
QRST-086019A.307-TTT|QRST-086019A
QRST-472927A.203-HHHH|QRST-472927A
ABCD-55-990079-04-A0-5112537|ABCD-55-990079
ABCD-55-990102-02-A0|ABCD-55-990102
QRST-087732A.308|QRST-087732A
QRST-472181A.344|QRST-472181A
ABCD-55-990117-01-C0|ABCD-55-990117
QRST-472573A.344-INF-LOW|QRST-472573A
ABCD-55-990074-01-D0-BBB|ABCD-55-990074
ABCD-55-990108-02-D0-EA645|ABCD-55-990108
QRST-472573A.344-HHHH|QRST-472573A
MNOPBFD101131/2R1D_GS|MNOPBFD101131/2
MNOPQYS1282868/4R1E-TTT|MNOPQYS1282868/4
QRST-084959A.306-BBB|QRST-084959A
QRST-086931A.106-BBB|QRST-086931A
YZAB-100995025-AA|YZAB-100995025
ABCD-55-990063-04-F0-TTT|ABCD-55-990063
IJKL-55-100214-01|IJKL-55-100214
MNOPQAG127174/3R1D|MNOPQAG127174/3
MNOPQYS1286518/1R1A-TTT|MNOPQYS1286518/1
QRST-084792A.841-HWS-HHHH|QRST-084792A
QRST-086584A.351-TTT|QRST-086584A
ABCD-110-990259-01|ABCD-110-990259
YZAB-100475983-AJ-BBB|YZAB-100475983
YZAB-100491902-AM-TTT|YZAB-100491902
YZAB-XA100515637-AN|YZAB-XA1005156
IJKL-55-100067-01|IJKL-55-100067
MNOPQYS1284368/1R4A-BBB|MNOPQYS1284368/1
QRST-086957A.845_GS|QRST-086957A
QRST-472679A.884-HWS-LOW|QRST-472679A
ABCD-55-990082-01-B0|ABCD-55-990082
ABCD-55-990354-02-B0-TTT|ABCD-55-990354
MNOPQAG127174/4R2F_GS|MNOPQAG127174/4
ABCD-110-993397-01-B0|ABCD-110-993397
QRST-086020A.308-TTT|QRST-086020A
QRST-472810A.884-MM-B-LOW|QRST-472810A
IJKL-55-100321-01|IJKL-55-100321
ABCD-55-990081-02-A0-TTT|ABCD-55-990081
MNOPQYS1286101/1R1D-BBB|MNOPQYS1286101/1
QRST-085711A.884|QRST-085711A
QRST-086020A.206|QRST-086020A
ABCD-55-990181-03-B0|ABCD-55-990181
QRST-086221A.308|QRST-086221A
QRST-086934A.211|QRST-086934A
QRST-087475B.117|QRST-087475B
QRST-086931A.106|QRST-086931A
QRST-087744B.845|QRST-087744B
QRST-473564A.X22|QRST-473564A
ABCD-110-990478-03-D0|ABCD-110-990478
ABCD-110-991659-01-F0|ABCD-110-991659
MNOPQYS1282867/6R1H|MNOPQYS1282867/6
QRST-087747A.203-TTT|QRST-087747A
QRST-089408A.X21-BBB|QRST-089408A
QRST-472656A.351-HWS-LOW|QRST-472656A
ABCD-55-990078-01-B0|ABCD-55-990078
QRST-086955A.884|QRST-086955A
YZAB-100771505-AH|YZAB-100771505
ABCD-55-990082-01-B0-BBB|ABCD-55-990082
QRST-086934A.209|QRST-086934A
ABCD-110-990474-04-D0|ABCD-110-990474
QRST-086162A.344-TTT|QRST-086162A
QRST-086257A.351-TTT|QRST-086257A
QRST-472573A.344-INF|QRST-472573A
QRST-474084A.X11-GRE|QRST-474084A
IJKL-55-100108-02|IJKL-55-100108
QRST-084797A.117|QRST-084797A
QRST-085595B.117|QRST-085595B
QRST-085596A.114-BBB|QRST-085596A
QRST-086931A.106-TTT|QRST-086931A
QRST-087744B.845-TTT|QRST-087744B
MNOPQYS1281694/1R2G|MNOPQYS1281694/1
ABCD-55-990076-01-C0-BBB|ABCD-55-990076
ABCD-110-993526-01|ABCD-110-993526
MNOPQYS1283313/1R2F-TTT|MNOPQYS1283313/1
QRST-084794A.904-TTT|QRST-084794A
QRST-087745A.884|QRST-087745A
ABCD-55-990063-04-F0-N|ABCD-55-990063
IJKL-55-100107-02|IJKL-55-100107
MNOPQAG137624/11R4K|MNOPQAG137624/11
MNOPQAG137745/1R2B|MNOPQAG137745/1
QRST-084797A.117-TTT|QRST-084797A
QRST-085669B.215|QRST-085669B
ABCD-55-990198-01-B0-TTT|ABCD-55-990198
IJKL-55-100303-01|IJKL-55-100303
QRST-085728A.845|QRST-085728A
MNOPQYS1284755/1R3F-TTT|MNOPQYS1284755/1
QRST-085594A.109|QRST-085594A
QRST-472849A.351-HHHH|QRST-472849A
ABCD-55-990076-01-C0-TTT|ABCD-55-990076
ABCD-110-992825-01-A0|ABCD-110-992825
QRST-085596A.112|QRST-085596A
QRST-086162A.344|QRST-086162A
QRST-086337A.203|QRST-086337A
QRST-087123A.845|QRST-087123A
MNOPQAG137569/1R4A|MNOPQAG137569/1
MNOPQYS1282867/5R1H|MNOPQYS1282867/5
QRST-086968A.209-TTT|QRST-086968A
QRST-089403B.X11|QRST-089403B
ABCD-55-990315-01-B0|ABCD-55-990315
QRST-084796A.351|QRST-084796A
QRST-086020A.307|QRST-086020A
QRST-087123A.202|QRST-087123A
QRST-089416A.X11|QRST-089416A
QRST-472924A.203|QRST-472924A
ABCD-110-990147-03-G0|ABCD-110-990147
ABCD-110-991907-01-G0|ABCD-110-991907
IJKL-55-100202-01|IJKL-55-100202
MNOPQYS1286518/1R1A|MNOPQYS1286518/1
QRST-086020A.307-BBB|QRST-086020A
QRST-472656A.117-HHHH|QRST-472656A
ABCD-55-990076-01-C0|ABCD-55-990076
ABCD-55-990321-01-B0-TTT|ABCD-55-990321
MNOPQAG137745/1R2B_GS|MNOPQAG137745/1
YZAB-100475983-AJ-TTT|YZAB-100475983
QRST-086236A.108-BBB|QRST-086236A
QRST-086934A.211-TTT|QRST-086934A
QRST-089416B.X11|QRST-089416B
ABCD-55-990354-02-B0-BBB|ABCD-55-990354
QRST-086934A.209-BBB|QRST-086934A
QRST-088754B.X21-TTT|QRST-088754B
QRST-089592A.X11|QRST-089592A
ABCD-55-990146-01-E0-V40084-TTT|ABCD-55-990146
IJKL-55-100204-01|IJKL-55-100204
QRST-085594B.351-TTT|QRST-085594B
QRST-085944A.884-TTT|QRST-085944A
ABCD-110-38887-02|ABCD-110-38887
MNOPQYS1284755/3R1D|MNOPQYS1284755/3
QRST-086931A.208-BBB|QRST-086931A
ABCD-55-990198-01-B0|ABCD-55-990198
MNOPQAG127161/3R4K|MNOPQAG127161/3
QRST-084792A.841-HWS-LOW|QRST-084792A
QRST-086931A.208-TTT|QRST-086931A
MNOPQYS1282867/5R1H-TTT|MNOPQYS1282867/5
ABCD-55-990171-01-B0|ABCD-55-990171
QRST-472573A.344-LOW|QRST-472573A
ABCD-55-990075-01-B0-TTT|ABCD-55-990075
QRST-086236A.108|QRST-086236A
QRST-086559A.344-BBB|QRST-086559A
QRST-086584A.884-TTT|QRST-086584A
QRST-086337A.884|QRST-086337A
QRST-086957A.202|QRST-086957A
ABCD-110-990495-01-L0|ABCD-110-990495
ABCD-110-990551-03-C0|ABCD-110-990551
MNOPQYS1282868/4R1E-BBB|MNOPQYS1282868/4
QRST-084794A.904-BBB|QRST-084794A
QRST-086277A.306|QRST-086277A
ABCD-110-990474-04-C0|ABCD-110-990474
QRST-083813A.404|QRST-083813A
QRST-086019A.206-BBB|QRST-086019A
QRST-086931A.208|QRST-086931A
QRST-472679A.884-LOW|QRST-472679A
ABCD-55-991587-01|ABCD-55-991587
ABCD-55-990184-02-B0-BBB|ABCD-55-990184
QRST-086957A.845|QRST-086957A
QRST-088218A.351-BBB|QRST-088218A
YZAB-100491902-AM|YZAB-100491902
ABCDLA-55-991592-01-01|ABCDLAA55-991592
IJKL-55-100170-02|IJKL-55-100170
ABCD-55-990183-03-04-D335-BBB|ABCD-55-990183
ABCD-55-990303-01-B0|ABCD-55-990303
QRST-085097A.344|QRST-085097A
QRST-085422A.107|QRST-085422A
QRST-086584B.344|QRST-086584B
ABCD-55-990082-01-B0-TTT|ABCD-55-990082
ABCD-55-990108-02-C0-EA645|ABCD-55-990108
QRST-084792A.841|QRST-084792A
MNOPQYS1284885/1R1B-TTT|MNOPQYS1284885/1
QRST-086968A.209|QRST-086968A
YZAB-XA100515637-AN-TTT|YZAB-XA1005156
ABCD-55-990226-01|ABCD-55-990226
MNOPQAG137596/2R2F|MNOPQAG137596/2
QRST-472810A.884-MM-B|QRST-472810A
ABCD-55-990170-01-B0|ABCD-55-990170
QRST-083813A.404-TTT|QRST-083813A
QRST-472927A.203|QRST-472927A
YZAB-100771505-AH-BBB|YZAB-100771505
YZAB-101085558-AJ|YZAB-101085558
ABCD-55-990146-01-E0-V40084-BBB|ABCD-55-990146
ABCD-110-990474-04-E0|ABCD-110-990474
ABCD-110-993396-01|ABCD-110-993396
YZAB-100491902-AM-BBB|YZAB-100491902
ABCD-110-37226-03|ABCD-110-37226
QRST-086020A.206-BBB|QRST-086020A
QRST-086584A.351|QRST-086584A
QRST-089408A.X11-BBB|QRST-089408A
IJKL-55-100211-01|IJKL-55-100211
IJKL-55-100235-01|IJKL-55-100235
MNOPQAG127174/4R2F|MNOPQAG127174/4
QRST-088753A.845-BBB|QRST-088753A
QRST-089406A.X11-BBB|QRST-089406A
QRST-472924A.203-HHHH|QRST-472924A
ABCDLA-55-991591-01-01|ABCDLAA55-991591
QRST-472810A.884-MM|QRST-472810A
QRST-472849A.117-HHHH|QRST-472849A
ABCDLA-55-991587-01-01|ABCDLAA55-991587
QRST-085952A.841-TTT|QRST-085952A
QRST-088754B.845|QRST-088754B
MNOPKRY121103/1R1L|MNOPKRY121103/1
QRST-085594A.108-TTT|QRST-085594A
QRST-085596A.113|QRST-085596A
ABCD-55-990073-01-C0-V40084|ABCD-55-990073
YZAB-100509484-AJ|YZAB-100509484
YZAB-102846004-AA-BBB|YZAB-102846004
ABCD-55-990001-02-B0|ABCD-55-990001
IJKL-110-102825-01|IJKL-110-102825
MNOPQAG137624/31R5A|MNOPQAG137624/31
YZAB-100525270-AJ-TTT|YZAB-100525270
ABCD-55-990063-04-F0-N-BBB|ABCD-55-990063
ABCD-55-990514-01-B0-TTT|ABCD-55-990514
QRST-086396A.884|QRST-086396A
QRST-472810A.884-MM-HWS-LOW|QRST-472810A
YZAB-100475996-AH-BBB|YZAB-100475996
ABCD-55-990063-04-F0-N-TTT|ABCD-55-990063
YZAB-100475983-AG-BBB|YZAB-100475983
ABCD-110-990197-03-F0|ABCD-110-990197
QRST-086257A.351|QRST-086257A
YZAB-100509484-AK-TTT|YZAB-100509484
YZAB-102846004-AA|YZAB-102846004
ABCD-55-990107-02-F0-TTT|ABCD-55-990107
MNOPQAG137739/1R1L|MNOPQAG137739/1
MNOPNCD90156/1R1B|MNOPNCD90156/1
MNOPQYS1286516/1R1A-TTT|MNOPQYS1286516/1
QRST-084164A.X74-TTT|QRST-084164A
ABCD-55-990183-02-D0-BBB|ABCD-55-990183
IJKL-55-100209-01|IJKL-55-100209
IJKL-55-100181-03-D0|IJKL-55-100181
MNOPBFD101131/21R1D|MNOPBFD101131/21
QRST-084959A.904|QRST-084959A
QRST-085596A.113-BBB|QRST-085596A
ABCD-55-990084-02-A0-TTT|ABCD-55-990084
ABCD-110-991729-01-K0|ABCD-110-991729
ABCD-55-990067-01-K0-20RC61|ABCD-55-990067
QRST-472573A.344|QRST-472573A
QRST-472656A.351-HHHH|QRST-472656A
QRST-472924A.203-LOW|QRST-472924A
YZAB-102846004-AA-TTT|YZAB-102846004
ABCD-55-990079-04-A0-5112537-TTT|ABCD-55-990079
ABCD-55-990315-01-B0-TTT|ABCD-55-990315
QRST-086277A.306-TTT|QRST-086277A
QRST-087747A.845-TTT|QRST-087747A
ABCD-110-992625-01-F0|ABCD-110-992625
QRST-472656A.117-LOW|QRST-472656A
QRST-086020A.308|QRST-086020A
QRST-086272A.845|QRST-086272A
ABCD-55-990359-01-B0-TTT|ABCD-55-990359
ABCD-110-990246-03-J0|ABCD-110-990246
QRST-086021A.203|QRST-086021A
QRST-088753A.X21|QRST-088753A
ABCD-55-990206-01-B0|ABCD-55-990206
ABCD-110-990246-03-H0|ABCD-110-990246
IJKL-55-100315-01|IJKL-55-100315
QRST-086018A.202|QRST-086018A
QRST-087748A.203|QRST-087748A
QRST-088754B.845-TTT|QRST-088754B
QRST-474084A.X11|QRST-474084A
MNOPQYS1284380/1R1K-TTT|MNOPQYS1284380/1
QRST-085345A.884-TTT|QRST-085345A
QRST-085596A.114-TTT|QRST-085596A
QRST-086955A.845|QRST-086955A
ABCD-55-990084-02-A0|ABCD-55-990084
ABCD-55-990089-01-A0-TTT|ABCD-55-990089
MNOPQAG137569/1R4A_GS|MNOPQAG137569/1
MNOPQAG137624/11R5B|MNOPQAG137624/11
QRST-472573A.344-HWS-LOW|QRST-472573A
QRST-472810A.884-MM-B-HHHH|QRST-472810A
ABCD-55-990063-04-F0-BBB|ABCD-55-990063
IJKL-55-100203-01|IJKL-55-100203
QRST-472655A.884-HHHH|QRST-472655A
ABCD-110-990155-06-L0|ABCD-110-990155
ABCD-110-36554-03|ABCD-110-36554
MNOPQYS1283313/1R2F|MNOPQYS1283313/1
QRST-472656A.351-LOW|QRST-472656A
ABCD-55-990108-02-D0-EA645-TTT|ABCD-55-990108
ABCD-110-991332-01-C0|ABCD-110-991332
QRST-084797A.117-BBB|QRST-084797A
ABCD-55-990080-02-B0|ABCD-55-990080
MNOPQAG137624/11R4G|MNOPQAG137624/11
QRST-086020A.308-BBB|QRST-086020A
QRST-086559A.344|QRST-086559A
QRST-472679A.884-HHHH|QRST-472679A
QRST-472849A.117|QRST-472849A
QRST-087748A.884|QRST-087748A
QRST-089406A.X11-TTT|QRST-089406A
ABCD-55-990354-02-B0|ABCD-55-990354
ABCD-110-990471-02-B0|ABCD-110-990471
QRST-086719A.845|QRST-086719A
QRST-088751A.S11|QRST-088751A
QRST-472930A.884-HHHH|QRST-472930A
YZAB-100525270-AJ|YZAB-100525270
QRST-472810A.884-MM-LOW|QRST-472810A
QRST-085422A.107-BBB|QRST-085422A
QRST-086019A.206|QRST-086019A
QRST-087747A.203-BBB|QRST-087747A
QRST-089408A.X11-TTT|QRST-089408A
IJKL-55-100216-01|IJKL-55-100216
QRST-085594A.109-TTT|QRST-085594A
QRST-086559A.344-TTT|QRST-086559A
QRST-089408A.X21-TTT|QRST-089408A
IJKL-55-100212-01|IJKL-55-100212
MNOPQYS1284368/1R4A-TTT|MNOPQYS1284368/1
QRST-087747A.845|QRST-087747A
QRST-086968B.904-TTT|QRST-086968B
ABCD-55-990184-02-B0-TTT|ABCD-55-990184
QRST-085651A.884|QRST-085651A
QRST-087747A.845-BBB|QRST-087747A
QRST-472810A.884-MM-HWS-HHHH|QRST-472810A
YZAB-100475996-AH|YZAB-100475996
YZAB-101085558-AJ-TTT|YZAB-101085558
ABCD-110-993527-01-B0|ABCD-110-993527
QRST-088751A.X22|QRST-088751A
ABCD-55-990088-01-A0|ABCD-55-990088
MNOPQAG137569/1R4B|MNOPQAG137569/1
QRST-087475A.202|QRST-087475A
QRST-088754B.884-TTT|QRST-088754B
QRST-474085A.X11-GRE|QRST-474085A
IJKL-55-100063-04|IJKL-55-100063
QRST-086019A.307|QRST-086019A
QRST-086968B.904|QRST-086968B
QRST-088753A.884|QRST-088753A
QRST-472927A.884-HHHH|QRST-472927A
IJKL-55-100215-01|IJKL-55-100215
QRST-085728A.845-TTT|QRST-085728A
QRST-088753A.845|QRST-088753A
YZAB-100509484-AK|YZAB-100509484
ABCD-55-990107-02-F0-BBB|ABCD-55-990107
ABCD-110-991908-02|ABCD-110-991908
QRST-084959A.306|QRST-084959A
QRST-472182A.351|QRST-472182A
QRST-085344A.845|QRST-085344A
QRST-472924A.203-FSL-HHHH|QRST-472924A
QRST-472930A.845|QRST-472930A
ABCD-110-990478-03-C0|ABCD-110-990478
ABCD-55-990074-01-D0-TTT|ABCD-55-990074
QRST-086934A.211-BBB|QRST-086934A
ABCD-55-990078-01-B0-TTT|ABCD-55-990078
ABCD-55-990480-01-C0-TTT|ABCD-55-990480
ABCD-110-990197-03-E0|ABCD-110-990197
QRST-086020A.117|QRST-086020A
QRST-086559A.841-TTT|QRST-086559A
QRST-472924A.203-HWS-LOW|QRST-472924A
IJKL-55-100117-01|IJKL-55-100117
MNOPQYS1286518/1R1A-BBB|MNOPQYS1286518/1
QRST-088218A.351|QRST-088218A
QRST-088751A.845|QRST-088751A
QRST-472573A.344-INF-HHHH|QRST-472573A
QRST-472656A.351|QRST-472656A
YZAB-100509484-AK-BBB|YZAB-100509484
ABCD-55-990311-02-B0-TTT|ABCD-55-990311
QRST-086019A.307-BBB|QRST-086019A
ABCD-55-990504-01|ABCD-55-990504
ABCD-55-990183-03-04-D335-TTT|ABCD-55-990183
QRST-087745A.351|QRST-087745A
ABCD-55-990079-04-A0-5112537-BBB|ABCD-55-990079
ABCD-110-36051-12|ABCD-110-36051
MNOPBFD101131/2R1D|MNOPBFD101131/2
MNOPQAG127161/2R4K|MNOPQAG127161/2
QRST-086934A.209-TTT|QRST-086934A
QRST-089406A.X11|QRST-089406A
QRST-472182A.351_GS|QRST-472182A
QRST-472930A.884-AMP|QRST-472930A
QRST-086584B.344-TTT|QRST-086584B
QRST-087125A.107|QRST-087125A
MNOPKRY121103/1R1N|MNOPKRY121103/1
QRST-087744A.845-TTT|QRST-087744A
QRST-474085A.X11|QRST-474085A
YZAB-101085558-AJ-BBB|YZAB-101085558
ABCD-55-990359-01-B0|ABCD-55-990359
ABCD-55-990321-01-B0|ABCD-55-990321
IJKL-55-100231-01|IJKL-55-100231
ABCD-55-990086-01-A0|ABCD-55-990086
QRST-085422A.107-TTT|QRST-085422A
QRST-086968A.208|QRST-086968A
QRST-472930A.884-HWS-LOW|QRST-472930A
YZAB-100475983-AG-TTT|YZAB-100475983
IJKL-55-100146-01|IJKL-55-100146
MNOPQAG137739/1R1M|MNOPQAG137739/1
QRST-472924A.203-FSL-LOW|QRST-472924A
ABCD-110-990197-03-G0|ABCD-110-990197
MNOPQYS1284885/1R1B-BBB|MNOPQYS1284885/1
QRST-088218A.351-TTT|QRST-088218A
ABCD-55-990321-01-A0|ABCD-55-990321
ABCD-110-990515-01|ABCD-110-990515
MNOPQYS1284756/1R2F-BBB|MNOPQYS1284756/1
QRST-087744A.845|QRST-087744A
ABCD-110-990495-01-N0|ABCD-110-990495
IJKL-55-100183-02|IJKL-55-100183
QRST-089403A.X11|QRST-089403A
QRST-089592A.X11-BBB|QRST-089592A
ABCD-55-990065-01-D0-IL113-TTT|ABCD-55-990065
ABCD-55-990108-02-D0-EA645-BBB|ABCD-55-990108
QRST-084959A.904-BBB|QRST-084959A
QRST-085344A.845-TTT|QRST-085344A
QRST-085596A.112-TTT|QRST-085596A
QRST-088754B.X21|QRST-088754B
QRST-089592A.X11-TTT|QRST-089592A
QRST-089408A.X11|QRST-089408A
YZAB-100475996-AH-TTT|YZAB-100475996
QRST-086397A.202|QRST-086397A
ABCD-55-990303-01-B0-TTT|ABCD-55-990303
ABCD-55-990311-02-B0|ABCD-55-990311
MNOPQYS1283711/2R1K|MNOPQYS1283711/2
QRST-086019A.206-TTT|QRST-086019A
ABCD-55-990063-04-F0|ABCD-55-990063
QRST-086272A.845-TTT|QRST-086272A
QRST-086277A.306-BBB|QRST-086277A
QRST-086559A.841-BBB|QRST-086559A
ABCD-55-990107-02-F0|ABCD-55-990107
IJKL-55-100359-01|IJKL-55-100359
MNOPQYS1282867/6R1H-BBB|MNOPQYS1282867/6
QRST-084164A.X74|QRST-084164A
YZAB-100475983-AJ|YZAB-100475983
ABCD-55-990088-01-A0-TTT|ABCD-55-990088
ABCD-110-991696-02-D0|ABCD-110-991696
YZAB-100771505-AH-TTT|YZAB-100771505
ABCD-110-992625-01-G0|ABCD-110-992625
ABCD-55-990088-01-A0-BBB|ABCD-55-990088
QRST-085952A.841|QRST-085952A
QRST-086235B.211|QRST-086235B
QRST-086336A.884|QRST-086336A
QRST-087124A.884|QRST-087124A
QRST-086276B.884|QRST-086276B
QRST-472927A.884|QRST-472927A
QRST-473564A.845|QRST-473564A
ABCD-55-990074-01-D0|ABCD-55-990074
ABCD-110-992625-01-D0|ABCD-110-992625
QRST-085594A.108|QRST-085594A
QRST-086148A.210|QRST-086148A
QRST-472849A.117-LOW|QRST-472849A
QRST-472930A.884-AMP-LOW|QRST-472930A
ABCD-55-990233-01-SUB|ABCD-55-990233
ABCD-110-35448-12|ABCD-110-35448
MNOPQYS1282867/6R1H-TTT|MNOPQYS1282867/6
ABCD-110-990495-01-M0|ABCD-110-990495
MNOPQYS1284380/1R1J|MNOPQYS1284380/1
QRST-086020A.206-TTT|QRST-086020A
QRST-472181A.344-HHHH|QRST-472181A
ABCD-55-990080-02-B0-TTT|ABCD-55-990080
IJKL-55-100076-01|IJKL-55-100076
IJKL-55-100172-02|IJKL-55-100172
MNOPQYS1286125/1R1C-TTT|MNOPQYS1286125/1
QRST-471424A.306|QRST-471424A
ABCD-55-991591-01|ABCD-55-991591
MNOPNCD90160/1R1B|MNOPNCD90160/1
QRST-085345A.884|QRST-085345A
QRST-086396A.203|QRST-086396A
MNOPQAG127174/1R3D|MNOPQAG127174/1
MNOPQYS1286516/1R1A|MNOPQYS1286516/1
ABCD-55-990065-01-D0-IL113|ABCD-55-990065
ABCD-55-990081-02-A0-BBB|ABCD-55-990081
ABCD-110-991373-02|ABCD-110-991373
ABCD-110-993527-01-C0|ABCD-110-993527
QRST-089408A.X21|QRST-089408A
IJKL-55-100074-01|IJKL-55-100074
MNOPQYS1283711/2R1K-TTT|MNOPQYS1283711/2
ABCD-55-990102-02-A0-BBB|ABCD-55-990102
ABCD-55-990146-01-E0-V40084|ABCD-55-990146
QRST-086237B.904|QRST-086237B
QRST-472656A.117|QRST-472656A
ABCD-55-991587-01-01|ABCD-55-991587
QRST-472849A.351-LOW|QRST-472849A
MNOPQYS1284380/1R1K-BBB|MNOPQYS1284380/1
MNOPQYS1286101/1R1D|MNOPQYS1286101/1
ABCD-55-990086-01-A0-TTT|ABCD-55-990086
ABCD-55-990359-01-B0-BBB|ABCD-55-990359
QRST-086959A.210|QRST-086959A
QRST-472849A.351|QRST-472849A
IJKL-55-100311-02|IJKL-55-100311
MNOPQAG137739/1R1K|MNOPQAG137739/1
QRST-472930A.884|QRST-472930A
MNOPQYS1284380/1R1K|MNOPQYS1284380/1
QRST-086584A.884|QRST-086584A
MNOPQYS1284755/1R3F|MNOPQYS1284755/1
QRST-084794A.904|QRST-084794A
QRST-085596A.113-TTT|QRST-085596A
QRST-472930A.884-LOW|QRST-472930A
ABCD-110-36867-03|ABCD-110-36867
QRST-472655A.884|QRST-472655A
IJKL-55-100075-01|IJKL-55-100075
IJKL-55-100170-01|IJKL-55-100170
MNOPQYS1283313/1R2F-BBB|MNOPQYS1283313/1
QRST-086267A.209|QRST-086267A
ABCD-110-991391-02-A0|ABCD-110-991391
QRST-086955A.351|QRST-086955A
ABCD-55-990172-02-C0|ABCD-55-990172
ABCD-55-990183-03-04-D335|ABCD-55-990183
IJKL-55-100181-03|IJKL-55-100181
QRST-086968A.904|QRST-086968A
YZAB-100995025-AA-TTT|YZAB-100995025
ABCD-55-990186-02-B0|ABCD-55-990186
ABCD-110-37751-03|ABCD-110-37751
ABCD-55-990201-04|ABCD-55-990201
ABCD-55-990210-03|ABCD-55-990210
ABCD-55-990233-01|ABCD-55-990233
ABCD-55-990081-02-A0|ABCD-55-990081
ABCD-55-990102-02-A0-TTT|ABCD-55-990102
QRST-086559A.841|QRST-086559A
QRST-472656A.117-HWS-LOW|QRST-472656A
QRST-088754B.884|QRST-088754B
MNOPQYS1284756/1R2F-TTT|MNOPQYS1284756/1
MNOPQYS1286516/1R1A-BBB|MNOPQYS1286516/1
QRST-084959A.904-TTT|QRST-084959A
QRST-086020A.307-TTT|QRST-086020A
ABCD-55-990080-02-B0-BBB|ABCD-55-990080
ABCD-55-990183-02-D0|ABCD-55-990183
QRST-085651A.884-TTT|QRST-085651A
QRST-086236A.108-TTT|QRST-086236A
QRST-088753A.845-TTT|QRST-088753A
QRST-472679A.884|QRST-472679A
ABCD-55-990172-02-A0|ABCD-55-990172
ABCD-55-990183-02-D0-TTT|ABCD-55-990183
ABCD-55-990204-01-C0|ABCD-55-990204
MNOPQYS1282867/5R1H-BBB|MNOPQYS1282867/5
QRST-085596A.112-BBB|QRST-085596A
QRST-472810A.884-MM-HHHH|QRST-472810A
ABCD-110-990198-03-G0|ABCD-110-990198
QRST-085944A.884|QRST-085944A
QRST-088751A.S13|QRST-088751A
QRST-473564A.S13|QRST-473564A
ABCDLA-110-993656-01-08|ABCDLAA110-993656
ABCD-110-991469-02-B0|ABCD-110-991469
MNOPKRY11242/4R1E|MNOPKRY11242/4
ABCD-55-991592-01|ABCD-55-991592
ABCD-55-990184-02-B0|ABCD-55-990184
ABCD-110-993527-01-D0|ABCD-110-993527
QRST-084959A.306-TTT|QRST-084959A
QRST-472924A.203-FSL|QRST-472924A
IJKL-55-100171-01|IJKL-55-100171
QRST-087747A.203|QRST-087747A
